P_kPa,T_K,x_water,y_water
60,342.73,0.0,0.0
60,342.12,0.026,0.041
60,341.59,0.073,0.106
60,340.9,0.14,0.182
60,340.6,0.214,0.249
60,340.53,0.274,0.29
60,340.52,0.353,0.336
60,340.64,0.421,0.368
60,340.81,0.488,0.39
60,341.07,0.56,0.41
60,341.42,0.629,0.428
60,341.68,0.683,0.44
60,342.03,0.743,0.451
60,342.36,0.793,0.46
60,342.71,0.834,0.467
60,343.11,0.869,0.482
60,343.63,0.894,0.491
60,344.19,0.921,0.511
60,345.13,0.936,0.533
60,346.48,0.951,0.567
60,348.62,0.97,0.635
60,350.52,0.975,0.695
60,353.14,0.987,0.776
60,354.61,0.99,0.83
60,356.98,0.995,0.913
60,359.14,1.0,1.0
